language_code,category,title,year
te,trending,Salaar,2023
te,trending,Kalki 2898 AD,2024
te,trending,Devara: Part 1,2024
te,trending,Hi Nanna,2023
te,new_releases,Irumudi,2026
te,new_releases,Chennai Love Story,2026
te,new_releases,The Paradise,2026
te,new_releases,Fauzi,2026
te,new_releases,Toxic,2025
te,new_releases,OG,2025
te,new_releases,Game Changer,2025
te,new_releases,Pushpa 2: The Rule,2024
te,new_releases,Lucky Baskhar,2024
te,new_releases,Amaran,2024
te,action,Temper,2015
te,drama,Pelli Choopulu,2016
te,drama,Kushi,2001
te,kids,Doraemon,2005
te,kids,Chhota Bheem,2008
te,kids,Motu Patlu,2012
te,kids,Shinchan,1992
te,kids,Tom and Jerry,1940
te,kids,Oggy and the Cockroaches,1998
te,kids,Pokemon,1997
te,kids,Ben 10,2005
te,kids,The Lion King,1994
hi,trending,Animal,2023
hi,trending,Stree 2,2024
hi,trending,Bhool Bhulaiyaa 3,2024
hi,trending,Laapataa Ladies,2023
hi,new_releases,Singham Again,2024
hi,new_releases,Fighter,2024
hi,new_releases,Kalki 2898 AD,2024
hi,new_releases,Article 370,2024
hi,new_releases,12th Fail,2023
hi,new_releases,Sam Bahadur,2023
hi,action,Tiger 3,2023
hi,action,Don 2,2011
hi,drama,Taare Zameen Par,2007
hi,drama,Queen,2013
hi,drama,Kabhi Khushi Kabhie Gham,2001
hi,kids,Bhootnath,2008
hi,kids,Bhootnath Returns,2014
hi,kids,Stanley Ka Dabba,2011
hi,kids,Hanuman,2005
ta,trending,Leo,2023
ta,trending,Maharaja,2024
ta,trending,Amaran,2024
ta,new_releases,Raayan,2024
ta,new_releases,Indian 2,2024
ta,new_releases,Captain Miller,2024
ta,new_releases,Ayalaan,2024
ta,new_releases,Jigarthanda DoubleX,2023
ta,new_releases,Maamannan,2023
ta,new_releases,Viduthalai Part 1,2023
ta,new_releases,Por Thozhil,2023
ta,blockbusters,Enthiran,2010
ta,blockbusters,Ponniyin Selvan: Part I,2022
ta,action,Theeran Adhigaaram Ondru,2017
ta,action,Maanadu,2021
ta,drama,Alaipayuthey,2000
ta,drama,Kaaka Kaaka,2003
ta,kids,Pasanga,2009
ta,kids,Kuzhandhaigal Munnetra Kazhagam,2025
ta,kids,Maattrangal,2015
ta,kids,Kanna Laddu Thinna Aasaiya,2013
ta,kids,Kumki,2012
ta,kids,Abhiyum Naanum,2008
ta,kids,Pasanga 2,2015
ta,kids,Saivam,2014
ta,kids,My Dear Bootham,2022
ml,trending,Manjummel Boys,2024
ml,trending,Aavesham,2024
ml,trending,Premalu,2024
ml,trending,2018,2023
ml,trending,Romancham,2023
ml,trending,Bramayugam,2024
ml,trending,Kishkindha Kaandam,2024
ml,new_releases,Turbo,2024
ml,new_releases,Guruvayoor Ambalanadayil,2024
ml,new_releases,Aadujeevitham,2024
ml,new_releases,Anweshippin Kandethum,2024
ml,new_releases,Nadikar,2024
ml,new_releases,RDX,2023
ml,blockbusters,Bheeshmaparvam,2022
ml,blockbusters,Kurup,2021
ml,action,Malaikottai Vaaliban,2024
ml,drama,Thondimuthalum Driksakshiyum,2017
ml,drama,Home,2021
ml,kids,My Dear Kuttichathan,1984
ml,kids,Anandabhadram,2005
ml,kids,Philips and the Monkey Pen,2013
ml,kids,Thanneer Mathan Dinangal,2019
ml,kids,Meesha Madhavan,2002
en,trending,The Dark Knight,2008
en,trending,Dune: Part Two,2024
en,trending,Avengers: Endgame,2019
en,new_releases,Inside Out 2,2024
en,new_releases,Deadpool & Wolverine,2024
en,new_releases,Furiosa: A Mad Max Saga,2024
en,new_releases,Kingdom of the Planet of the Apes,2024
en,new_releases,The Fall Guy,2024
en,new_releases,Godzilla x Kong: The New Empire,2024
en,new_releases,Alien: Romulus,2024
en,new_releases,Gladiator II,2024
en,new_releases,A Quiet Place: Day One,2024
en,new_releases,Twisters,2024
en,blockbusters,Avengers: Infinity War,2018
en,action,The Matrix,1999
en,action,The Bourne Ultimatum,2007
en,drama,The Shawshank Redemption,1994
en,drama,The Green Mile,1999
en,drama,The Godfather,1972
en,drama,The Godfather Part II,1974
en,drama,A Beautiful Mind,2001
en,drama,The Pursuit of Happyness,2006
